,SID,0,1,2,3,4,5,6,7,8,9,10,11,12,13,14,15,16,17,18,19
0,dohyung,-8281.130508347665,-978.7309264920241,22.828719224998437,-54.10856262398286,-531.2805995995644,-203.29634210382608,424.8712654881213,-236.04814493483613,-265.9490591292219,-41.83910360126937,388.6578502244152,-93.20404891112258,45.692586111001376,-151.67293171530184,630.7481769789107,-371.55673010747745,1448.9419342646388,-517.2978068693303,-422.61108423649233,1604.1674422008603
1,dohyung,-8066.945236917361,-778.2700957708226,633.0774239329264,50.85621565936065,422.9533667632805,625.6848814631479,638.8305020468505,-308.26683370213794,-220.2436261114161,-64.47041608487764,444.4587350114619,143.14489880741243,183.54084018282586,-1245.6357509345812,901.517416506209,406.75386783990825,2144.7420711022824,-625.1736447232701,-25.211656445320255,1857.3726757446746
2,dohyung,-6049.175845206191,238.2756485456219,2971.271704511909,523.5798759893718,2711.6885215974694,1459.0639597519064,-321.567796846299,-441.4000292143411,-530.173542033164,1102.0898031299325,-1395.91243166281,-1031.536068664969,-441.30435423799764,-541.8324592521753,-274.6131096911232,-150.50387480861497,-535.4507502443732,-212.6650940414077,-270.7107928615609,398.4253711772601
3,dohyung,-7519.242835742926,95.93464632415402,1647.0090835496133,479.28818605415404,2675.4524678483394,1502.9066842114294,-216.79483806786038,-499.2880432835273,197.20379803298007,99.77563276693601,-469.1650749958192,-381.1868539508136,-25.830787786199437,522.744938489417,-79.57897399240228,118.57146573833153,-1066.761383631245,537.9953186240026,180.55648510000788,-1383.0303475829373
4,dohyung,-7399.460864552236,103.30804136266731,1775.2885046553076,465.30776962728805,2907.109077985233,1163.0834884345566,-199.87670231737795,-441.33934779186416,107.41945110765839,64.12172684034911,-719.95118051279,-696.4656230071025,-171.89281406201204,779.9843731312507,-186.23843847108807,-97.4310220254569,-998.2124693118102,406.3270934049276,-25.48647008939389,-1087.5571943610253
5,dohyung,-7390.312968391831,-72.6140023996802,1559.155215046095,180.23141837588878,2982.6273332324167,1309.3742587302427,44.73821552586576,-452.798251466366,441.5153434254836,170.10361549980212,-383.85647175912,-237.47063089918288,154.4581183672595,600.1830208723859,-337.1197186692375,-338.26149840803333,-91.19185699774708,106.5393651258328,-69.32638170480865,-429.1789633049281
6,dohyung,-7642.137164438018,92.48599418090265,1631.4084637947358,412.4697886446176,2658.722084067091,1673.557893916462,-153.73095811360142,-700.1436476617966,136.94441290203872,103.12029674535705,-427.059104037194,-344.7905082796378,123.81238026155464,286.32362674534784,2.4283830707353697,77.55187507047494,-772.1491444155293,397.4724349395191,116.90629077686715,-1025.7455049459793
7,dohyung,-7361.816965280386,158.48077799557822,1896.2026749856122,627.3450872229404,2706.307474975312,1421.3463668091886,-470.31301978941747,-519.1081016903117,-23.056645085473303,582.6838583605991,-1074.6109802274173,-855.5621428663851,-208.65023192775058,88.00434599615024,-383.21894231264434,61.64100004377231,-843.3026617664472,184.68785930334576,-191.28989600068945,-942.4426970431911
8,dohyung,-6844.928403982698,181.88789566779377,2320.7449056050773,455.6833923100463,2809.2585508715956,1021.4137869666965,-201.3986388840505,-441.6588238345535,-261.74911109351837,815.6822969234709,-1738.654882744958,-1096.6274731279334,-417.54643240556936,-709.7939632211114,-473.1186038581972,258.46153041073154,197.92333842098583,-774.9347998770552,-521.8729716335451,533.1774320811273
9,dohyung,-7425.685686167252,76.71847833966252,1979.2228494280262,542.7415721571862,2937.0287608539606,1571.9348233196718,-310.18823994555834,-619.7440692659347,-115.86004471971854,455.7069391467314,-1277.598271688491,-1015.6872316522954,-231.56359295359027,-346.87687396519095,-350.43699303285325,162.98798353849037,-359.74711338105965,-261.2499447772613,-337.2353630704205,-91.41588865020525
10,dohyung,-7343.420153550378,89.2495470667353,2092.3651543448436,604.8490425001143,3164.9425936409802,1439.727100768343,-296.7619268590838,-595.0931592604536,-136.85578752505072,584.3337752238474,-1236.7052317992527,-1032.805120086939,-210.7124730844129,-109.54256505670489,-423.7711686625937,66.19258470664826,-603.1437317307856,-61.187028944051725,-285.187735584288,-434.58844956559324
11,dohyung,-8526.604941439477,-496.8120012001499,-156.95971268509783,270.18332030865866,920.8737315956442,402.51649075945585,136.07599954882537,-459.8495105204005,627.7988743665605,-949.1605997900064,1994.583855570545,1063.6535106248286,497.57915975341376,1198.4432937487386,106.30354952179783,-360.9155621827262,-303.71971857449535,452.16687162354555,294.7201242570055,-298.5951175525365
12,dohyung,-7794.402223776157,-443.98479301818264,1107.2549980672427,241.26873963176524,1104.8715479220054,1435.6230194679006,536.9633796459636,-303.77018639294465,-219.05407107263335,29.934407325625664,117.76473619738482,162.6785088345344,297.29506469576023,-1532.508900181029,858.8885246619229,587.3854662657993,1886.4523217835779,-31.827896262514408,232.6451292931746,814.8890526900764
13,dohyung,-7308.086570618757,59.01734660097054,2143.0843396177765,596.8342997302191,3183.5370031128573,1485.0946705524489,-223.8135264619362,-639.452608821851,-257.8671294632071,523.6348488944717,-1254.3201957230895,-1056.8339200891037,-165.1145886889301,-133.26663436376157,-353.9425458286637,33.49709182019949,-657.4436500000849,-12.442666462274069,-265.94327703621724,-315.26031049754357
14,dohyung,-7878.919257738343,-111.20625160796293,1415.0451808176783,501.7491647271509,2837.6923434121877,1342.8821673129269,-12.981970051690258,-765.8473386977806,156.3682083651595,-213.69525134102187,61.53901948449975,-137.55649085957438,278.09785269997644,483.50038992324903,-19.841457812567388,-34.5650884022013,-413.75826383953756,348.0441951022879,173.53501002704408,-621.6777151879094
15,dohyung,-8272.453850887689,-272.8700899148269,615.3368111025563,396.5594176415421,1922.1411999654615,1097.736341579689,109.20502914433429,-586.9638892887036,456.7019052057374,-695.2870333360628,1233.7508671575838,677.3768840102284,455.28944268887614,655.0878906444503,66.35121590268034,-114.40864584894976,-194.05308888207946,513.0770934615841,358.9717784426202,-340.08988095096913
16,dohyung,-6897.061428382849,107.4755511475789,2460.375980421385,513.888043291417,3087.232079393398,1503.4599610681073,-6.520641381210419,-793.2739640105981,-476.913414242634,602.5098090178235,-1554.9721386498368,-1047.2203932654847,-194.40039389097996,-499.1756816537164,-295.04310668186855,9.45381329043277,-439.5752510381275,-323.1944465219758,-456.58412686594664,689.5750014403379
17,dohyung,-7676.347244788228,-368.0341698880514,1172.4973391129145,-33.685151688229354,2041.138768831564,723.0283344208652,333.0356998047591,-721.6858745452071,322.01404732973816,-715.7124046560468,1116.8313583046581,622.4214456540446,631.8135426840648,1102.0188935706942,371.36051452139054,-617.823285911721,713.8976455501805,-270.9448376464463,415.6173370441393,1059.7728191637284
18,dohyung,-7956.7905721628385,-953.6550782760517,-1510.1941332936856,174.8719023596084,-1883.5107111220343,-575.5127660220097,343.77190533767737,892.7459451236348,-481.6964759638875,133.44055171367157,-388.89029872249455,570.4008555115618,-224.40089874362377,-1772.1919373156934,401.0612095515519,1577.4074824669406,-618.8121572758164,529.9632621328041,733.099059554536,-1061.8940567976285
19,dohyung,-8688.124429708227,-1137.8366289325709,-1670.4992774014927,164.16446212042825,-1693.0837344481226,-1298.4463602281517,109.97943927920133,412.5116266117194,146.06804761499393,-185.6337651931499,987.4615446104694,435.33185469465644,48.776757719960095,237.36842859849725,-93.22623715437754,33.59461206628283,-422.5118947290908,-333.5917509220583,-475.1628903722167,134.16083676145905
20,dohyung,-8140.933667546709,-379.0149674913264,551.8507006213313,256.7213620473015,1579.1513464891873,822.1308286305399,342.02188199694075,-631.2729284801643,463.8620928983661,-1003.8001566155234,1834.2028707339482,1055.6127816628498,685.295435182631,1079.3359733907137,230.23580837145727,-420.78558378785516,87.78219514192833,392.9920981069485,531.4118375322311,231.2499993879181
21,dohyung,-8302.27745327881,-536.8654023307656,-160.04410715814075,184.54220470159908,780.4045578101759,-51.763420450176575,240.30941645987667,-380.8000210235422,642.5258095802,-979.2684632807014,2256.6055676067776,1136.7367482950758,620.1820624894292,1625.0075799700073,92.25962195878719,-799.9148418472365,-63.75478592390817,51.222639271778476,191.1915044619994,133.19157088637712
22,dohyung,-8610.481786244309,-977.418890515434,-1230.2862119005092,236.84449263379432,-1431.3698252142315,-856.7573375703025,191.16954130476927,55.46642147902416,66.5318309687939,-443.0433856151292,1404.058899188064,874.2419724039137,124.47380605407308,329.5158277111574,-37.38999280747845,275.6428149881704,-937.5552294261742,-11.363958422301776,-62.564254865802525,-71.48259040608252
23,dohyung,-7966.40527147163,-614.1492190284608,1145.798654931222,47.37421059120365,1563.2845700972498,1157.0876671245558,382.7063631108491,-474.14030782733266,-27.752108370962254,37.86958106677256,214.90069075572745,115.00420720469714,294.2687013443046,-1014.5380475427103,744.2970747904928,280.4788165424999,1963.8476423737736,-312.35308204363946,184.07958072949353,1068.243454084516
24,dohyung,-8530.992456472044,-967.1389912488572,-1610.3930200443133,297.74086530172883,-1698.9740328532846,-964.5231592817789,264.8712490981858,673.7583901534028,-26.96991086075402,-65.73611764404076,697.9907000041371,759.4865390945436,12.958038858771413,-1272.5671323668826,50.62199556679002,1201.6451275917675,-556.761412367205,-195.88947893136543,-73.78053500352067,-382.4830793524367
25,dohyung,-8557.15899397903,-823.5619136529883,-1153.8693126712587,148.09251118681584,-716.5615172967338,-829.3636071862769,229.4913230583904,154.89318265612874,639.7380569131024,-407.2560512759695,1780.2455750800582,851.065714458346,368.70332414169445,820.0708532908823,-152.4543775901535,-401.76545503117234,-134.0185397523455,-430.2457585274983,-511.3700204128509,338.96428278790546
26,dohyung,-8066.561160758601,-1649.124285535069,-2419.067314238094,-176.2857300027657,-3116.359138542753,-2269.140879040795,-402.0364569301327,919.021054082421,-522.2652806673323,391.4333507503204,-1590.63076282111,-1122.9071450218114,-273.0661329772914,695.4419004802144,-285.18265102015863,-1166.6029612375562,370.0572643145153,-108.13993484913094,76.88966335870796,149.92726318540025
27,dohyung,-7769.4779955619,-1511.1890409443058,-2397.9305765761374,-256.58222855650894,-2661.303024657949,-2192.678355915445,-752.8734746520449,182.28402021122926,-168.15108116183856,340.25777801943383,-1564.9060058206328,-1689.58289728122,-165.02697038472624,2893.2274849407236,-496.5505363976761,-2476.3983360695265,-325.3930769155231,369.97105081946404,106.95897082007002,274.2175097341308
28,dohyung,-8416.787568969547,-456.62350829858786,-39.88599910645995,390.2065746618254,674.083852184269,530.42812150666,349.48312818189163,-488.2622378386574,500.22199654045016,-811.1710967811697,1905.1600782906703,1125.885067563556,524.5737035437613,611.059407616424,143.499929967705,-94.80016559627967,-110.188974091131,232.73474860985834,349.0158326585277,280.2883785857774
29,dohyung,-8292.018222741752,-1173.6708047330333,-1759.974900221384,75.82346124979894,-2522.1690693653723,-1231.0090786375986,242.01894556358465,955.0302508115175,-339.92616055563616,320.6769397370671,-304.69048798195416,530.9861676404944,-295.66350814971906,-1786.2876763824504,267.7210698169244,1481.057227161216,-326.2211676400724,165.0165111938419,247.61679823591905,-528.5122599915705
30,dohyung,-8423.593388500518,-1482.2908482638252,-1695.2529526917838,-34.503906338389896,-2668.2055831570806,-1839.366254370129,-123.67577639441083,468.21822761798325,-417.3633229631303,179.57756806417913,-268.0413985473417,-344.9941732111759,-128.90983361097054,1029.4936841481244,-170.91591728037855,-681.1244683981298,-743.6712945716895,158.60955606004958,84.4368350080729,-191.02640175707464
31,dohyung,-8567.057892210605,-1331.4664010180888,-1861.9793250788055,106.10532552752365,-2502.844174910394,-1609.7431252874098,167.49528200667007,850.5778893149231,-243.98861163893133,262.2933633628414,-40.58536531485579,285.78735817173515,-182.14126407120483,-1056.1516589597163,44.193408695075284,792.1949582714836,-240.4759112279849,-144.90174501238596,-170.65293867702286,-161.8834262630424
32,dohyung,-8478.453181848245,-1153.9101917055514,-1630.860719992511,205.2139424538189,-2426.870456557187,-1192.910787997541,228.70823469155343,832.662943468109,-342.25676273643427,202.5328287074903,-46.58421193302927,587.905296141727,-280.4544091115227,-1693.013455562774,224.36331869003766,1467.4468697575685,-408.65620675553396,55.495650010002635,125.38560011295756,-370.7960142676418
33,dohyung,-8263.287538030921,-1297.502098781638,-2012.5454278360112,-43.56090575035637,-2928.1771549954447,-1579.5153617661927,-64.20654755688278,842.2191489251736,-523.3822771849547,380.1284765499029,-1014.5587754002152,-52.91860494686375,-403.07858932307585,-898.5420105846885,140.4724785521235,560.1907835337838,17.69065743207392,256.62679008720545,275.17158391091806,-302.9301728568232
34,dohyung,-6568.208912886123,-326.4694106063215,2534.735324184384,139.51120469493495,2838.6428041515433,1418.9325412693183,9.077345903122435,-533.4868846686317,-447.82598969504437,1290.0318976287842,-1528.5049470342196,-1014.9004049713404,-418.00140237229425,-1006.9803503021415,-155.35346183496407,124.78077508687431,478.7059816901584,-425.00647851144157,-606.1578301745084,634.8098222709497
35,dohyung,-8049.936993893154,-1679.8488068035658,-2166.778105615162,-233.36761295673918,-2877.941721424501,-2226.492395178986,-512.7778684203786,551.7113833790266,-121.82036731489093,425.73545868551076,-1601.7740175520205,-1460.0205832713827,-235.84772892996898,2217.596440731463,-453.00722483034883,-2170.028841717508,202.3810847648041,54.57138331643873,-24.51243326583664,471.732761142886
36,dohyung,-8499.681614453402,-990.7270957515639,-1611.2905497581994,64.96920001294347,-2388.608064653582,-1185.0005748054687,209.51997654366505,753.5600093679299,-223.71910622549322,218.8984620462389,123.3769661765106,628.9502008519643,-190.74611913710388,-1406.5531847640618,146.72125181854352,1208.9879057214673,-292.5423244960497,16.98400010354856,-79.71406471239428,-191.77183973044845
37,dohyung,-8379.453976595298,-1374.0617643118405,-1984.2384386244105,-76.0029569465338,-2859.1689692436285,-1820.3621359746364,24.298947447393516,998.4225584727427,-274.69400940028055,483.45169004362305,-610.5303920911697,-233.9669015828523,-215.31821809579907,-487.54294893871656,-130.18322358751968,56.27653967114052,94.97901708858979,-233.40608553235424,-125.28931198525585,-22.2222538009652
38,dohyung,-8034.935405073391,-1490.6679443108328,-2135.9581263647246,-234.21314123966923,-3039.9023402474163,-2025.1922263553972,-449.6455474686461,984.0482980700791,-115.43269648996753,572.4163610424648,-1510.2568224535469,-1057.4617679360697,-231.57591422011166,971.1733433970063,-421.18618482361904,-1368.4879258342842,717.4601069405693,-281.5497125448605,-148.55394399720925,372.63865187944066
39,dohyung,-8421.072758051523,-1094.6695849786447,-1728.9493503218337,-26.200066120320724,-2896.728066269204,-1348.2995809790427,-21.268546815629943,874.6025262686459,-441.31732293748007,413.696460557,-415.9153960068898,118.09917391231984,-279.48587336098075,-1101.270400463993,51.61527261936088,845.7402373191303,-64.59093682259078,-76.39790715796853,117.04037942560618,-96.69489414611928
40,dohyung,-8180.610000078516,-1280.1039326195994,-2116.1738862255866,-197.9023374488862,-3200.6863738446878,-1822.4635093726063,-481.2343572892283,574.6268612655705,-596.0838535300502,361.7077315334233,-1397.0383944450332,-1092.2662202952092,-359.39905847860234,1022.7014053839727,-280.452423172319,-1095.2641382528736,25.768851000667777,135.13727707875532,263.53838184703375,27.63143681733535
41,dohyung,-8464.613235781922,-1064.4698325053662,-1647.3978018949713,-93.77206643280111,-2778.573414861626,-1394.294026773409,26.482797260071976,737.2411191835168,-365.06392793641186,364.3204133162748,-61.319974308435505,92.62454051728625,-222.4973451907436,-508.97001347870724,-68.82597661195099,420.02315749420785,-212.12206737018093,-180.898463497265,-187.322573716566,68.9438723016528
42,dohyung,-8369.794293646815,-285.95334006373815,-376.6800350736394,-114.90360454103104,67.45676391700529,-147.26271631633915,303.2638334206084,-164.27409625356756,756.5355048999737,-430.44447982546603,1876.0909652233088,590.2396010440187,317.19251723100587,1724.9775608452394,-27.833017466430178,-879.2683313102834,80.70659758073283,-71.45407821977854,-265.75052904772286,40.54981617932849
43,dohyung,-8406.413584283066,-778.809530196658,-1531.9471775822747,-126.03590046061996,-2313.145005556291,-984.3464335267688,203.9217842660354,774.5710445800747,-110.42484784576762,283.9840317587863,303.1260283919475,602.3294543366318,-150.18840470469263,-1305.072558049576,49.04827537041117,1126.0230557741236,-181.47549620203256,-74.28819005873258,-262.7302948115339,-179.55441578886968
44,dohyung,-8526.928378119872,-527.7125776323571,-992.0529719838765,-36.47984169799936,-1296.088283517872,-502.2615259075998,177.0489130581925,109.40614218658607,283.49869403142304,-255.38657417911807,1496.5770975371947,791.2655276298235,127.41461746056297,471.5698287993193,-103.4188968890649,23.016464867359655,-390.8263197505542,-61.57512413122919,-370.80630239491234,235.36705647334352
45,dohyung,-7966.870688173969,-381.52371041311727,1076.7540474938628,154.3961093910926,1883.8189158732366,1315.0154380666545,226.53114056773035,-349.42218984155414,268.8233519575444,58.19818986091614,189.47185964120965,212.9064678384002,206.92789620443955,-931.4425740412589,434.6128305156644,432.6033492238677,1105.7088416893869,68.30899087378211,291.6765655726036,-73.72439214537431
46,dohyung,-7825.685017171452,-385.17883043306983,1229.302378937006,162.70236726192286,2014.6793032116407,1462.1585335633117,319.60200912544565,-307.39357404329735,276.6114982986856,135.19713749183168,185.46402371684434,239.4807388390147,235.35524812445317,-979.7030843029111,356.5682819912644,407.05467986866097,1015.4335530173798,-38.38451238654058,229.1336226789924,78.73701168439405
47,dohyung,-7135.777033293686,-87.65825998562956,2059.1567413174607,246.65840461587595,2965.702472101384,1676.5382940934635,86.3290999005322,-555.7304641272882,90.90815602615909,589.1546680362005,-596.196344088112,-513.8707071413354,34.714115681003385,-192.2920546534025,-184.89157606932534,-149.07969183905377,54.5217846889264,-76.92448350256066,-285.53395124149426,77.67103595222369
48,dohyung,-8112.656881502941,-226.58408855139885,472.23765119131593,280.74883401609844,1486.87631224105,1024.6392650192997,56.3499419242739,-483.7379411149452,524.0575743148979,-593.5676780192013,1298.7816451106382,731.0952201809811,298.1280158849553,717.459993197517,254.3104164064203,-20.17683927837335,-417.6418530205831,774.5192755997681,583.4951315514768,-873.9662508284797
49,dohyung,-8118.483379752824,-428.79931691774624,495.12761390223665,123.80139352210293,1536.8429307681272,985.5432974927191,296.10000356708974,-357.95700960258813,700.4261237581659,-604.5490546858874,1636.0370809013393,910.9784820903783,432.6096033882433,649.1253979987812,76.31758500429478,-289.031387181482,216.71215913129961,243.71658418840374,338.64471743983125,29.206894275548883
50,minseong,2097.3651782632696,4304.194434405294,-1728.1594685450252,-715.9157342394826,499.46643646995227,-892.0187271842393,1202.5957155068165,-1676.2293975325506,-560.6523084373838,992.9716880119344,-554.0055075143625,1125.6566466833103,-459.1033020989645,361.95533996099743,-401.9111585235225,162.38252134130857,574.4466554060938,399.2396246331655,288.17023092851196,-308.3596401184181
51,minseong,1887.8739559238395,4486.193537839565,-2031.4066446904003,-1146.1976255007917,860.5829881191139,-950.9535438751243,998.889103405651,-522.6947484841165,-383.0510549735472,262.11225613628517,-387.74944405611274,1208.05519954486,321.4083649343673,-16.764921702413798,-793.248397639122,-294.7565434460291,295.9897298388757,1054.5694927607733,-484.1371541007006,-161.9027208853879
52,minseong,1686.5509309322874,5047.588195061161,-1814.1590697050547,-978.8143523596361,961.7675983343372,-797.1160905537682,352.0087617168434,-101.67191734639948,-645.9251217482613,-507.45426557503555,381.6316105029883,-559.5629445202801,-280.89230153404236,-337.08966690158957,-385.025363353404,-87.06485505256713,189.8112934759153,555.6097939158163,-166.11653117994953,-535.4261694344094
53,minseong,1676.9352541075652,4958.562476136616,-1635.8621655998254,-475.94967126092746,716.0179991927674,-453.1307052049507,-13.979011904510749,179.729754516706,-856.8604714921158,-838.1051197262768,807.9812749960937,-809.7032760372582,-217.92947351537853,-325.52409813791485,8.503172072332616,-161.58853649867098,-453.8060910972942,353.9299594643323,-889.5121478316524,-472.73586559142666
54,minseong,1725.5933727708964,5142.008947772819,-1523.4406425267491,-114.67335046476585,583.6067815549136,-347.16321846984107,-29.289749046825154,-50.25772444147572,-979.4043988658361,-568.3590664247106,934.9345586877204,-1143.8989529510666,-622.1821012362703,-398.5322345888109,112.14969010492996,-117.27084928357188,-247.03257126554522,134.98272511264042,114.18031464256552,-541.8576222277331
55,minseong,1678.262441014514,5047.482861787545,-1446.662172385664,-2.7566869318807967,182.07363324226682,-100.43823082947654,161.6204202358899,-710.6146164628442,-1490.8468170035464,10.06228243538393,747.8801886626975,-666.7027894310722,-908.3079273289469,-304.25092652282325,203.67684188815485,-466.806687677662,249.6567761058692,-255.52690911184752,667.8985202148828,-355.60776535757924
56,minseong,1534.8758251632623,5057.242297790528,-1627.5141092531528,-652.7535898225944,779.0197503254595,-556.2198787261267,102.97960953366285,-100.78229191861908,-951.5558563966379,-641.5934869144837,613.588771123996,-1192.9567603213086,-601.5911573595448,-566.8868951062232,2.864040304163524,-180.19628024446828,-18.1181137388276,84.34835099496651,295.7809167753367,-485.8492458527752
57,minseong,1512.0878585907483,4934.042310766361,-1510.9333519917122,-265.6246901142866,303.857966305466,-197.26916015869972,109.03868271986606,-628.0900815372,-1381.4811423311637,-23.857312871691153,837.804041274521,-977.0976024496922,-939.6592886229649,-391.86595730304344,168.2104627929159,-371.7991884850053,349.9251593106981,-271.37235301191805,807.5100688068123,-395.94671900122444
58,minseong,1606.6000459108093,4868.697512033179,-1341.080781967038,58.17764792703022,227.45604227465518,-68.63629490735329,-12.68297655101797,-595.441361243627,-1256.7068589593114,-0.005865570233307693,987.0922797492332,-1252.0071506785155,-1015.144060234406,-353.8166423085899,414.5926939199298,-250.2806551717333,206.33808330885842,-596.8557996568215,1139.3984928769705,-305.84882966405013
59,minseong,1726.4333400452244,4891.702685832461,-957.433592484684,1152.5562411154876,-422.18718845726755,719.6917033247421,-488.9278631900136,-315.63780959150864,-1245.5673711614836,-126.3010761932282,1133.4679010792477,-1066.6851813881274,-913.8484471713716,-185.66214807111388,999.3217865096382,-282.9717902584709,-350.239568014456,-931.3693850791574,1123.0136900248358,205.04458586262587
60,minseong,1730.3054808701415,4627.427760939412,-613.1000157377141,1715.6377725402726,-1085.7087498458761,1440.7155463616095,-734.3625725628551,-486.8708776441401,-1088.1564297314499,181.58256988170265,697.7665879372335,-490.56200709574273,-638.036912258411,98.35700850180334,1185.5992156885484,-389.4162046194554,-299.2200728385876,-1076.9522068730603,938.2934730579639,495.68280138743677
61,minseong,1817.409081270167,4700.532521061802,-643.3096756714108,1646.9883679081972,-958.3821841010288,1066.453510552043,-666.3972900986942,-292.7953244776217,-565.660309822847,-183.55379652950896,384.6994545062878,-587.9146817701651,-507.21138480923594,-155.43839056322133,1019.8413425021646,-410.6489762381799,-545.9384965804694,-1011.1234503269909,830.1018227906065,681.4813532072085
62,minseong,2027.216231197912,4616.930341480854,-1867.0991317480407,-808.4175495240952,630.1714002492041,-864.8663549232815,1110.0614833276422,-1145.936511683386,-656.9443365701712,659.3431313242568,-390.73437131416966,1125.2638113341307,-246.52808807527705,151.36827552077574,-638.6947368682755,-168.74290638699406,597.8948920019438,747.1861074714565,83.47822808030021,-381.83006724737345
63,minseong,1802.490508975189,4382.833679693743,-170.62165569078073,2501.833431105885,-2206.9891132927,2039.5411146974104,-1877.0442910099678,-312.44684190639873,49.81817466191693,-186.53669196000797,-29.586310699585194,-211.05337917513154,81.40436803279442,281.16716647175434,201.02328387275168,99.37800824158884,-171.1649951667632,-56.37084366010703,292.09516649241317,575.422955232522
64,minseong,2012.8417880938198,3920.261892719942,81.32237066639897,2915.0674308753196,-2734.3716653251813,2090.717990625834,-2629.7342665480824,-179.79959544972087,409.70314427696366,205.56933420327925,443.2834774155351,-849.2582789493127,159.55017573022823,778.805955398233,-363.36486053741504,1119.1569050097185,274.29484640786734,813.8381362615733,291.69198750299864,470.21680429421804
65,minseong,2065.231455105734,3566.1166770998125,257.08726839512235,2994.61362441771,-3060.7224498054998,2188.6659375379104,-2970.304748003522,-176.53049933333648,468.7179846767397,352.47392236179235,526.6287903703601,-825.3138545512353,323.0712791928324,972.0361716218176,-523.963889246788,1446.9752531715603,462.37043777129793,1152.8272633106847,177.53272126501446,263.672366725382
66,minseong,2029.7544501853495,3475.2319447409486,265.9935259400218,2983.8841229653644,-3194.0626622466384,2140.8555665770355,-2954.6223904088456,-192.7640409198297,454.11817507847854,444.7231901105664,571.5022530078118,-792.2087205638132,286.1764986361704,971.7569586596538,-578.6100577665651,1443.0703477878676,525.2045095383874,1306.7969526123125,93.7811643848946,69.01687395419454
67,minseong,1968.9942400650991,3536.0168276971813,235.1217162248209,2971.6017423990234,-3212.0339311575945,2173.0199657326725,-2815.257907718566,-256.04387444764154,494.1349281532388,445.82489580535326,430.9300123609795,-652.5387031139345,278.374965987221,932.6989524472459,-587.5294886370394,1347.4956167465464,576.0477075194489,1236.4479890521295,23.343845396109742,87.75966998465945
68,minseong,2079.371525884461,3585.815883627176,219.70559597028532,2981.6907065368587,-2966.637832672509,2023.5974901374086,-2740.487973711199,-232.11176125671074,612.8110698603148,478.7104337070672,455.85987383935907,-795.0874683533449,171.6531046045194,986.247164094588,-607.0849527719168,1473.6254586793893,534.8689803598359,1076.5457029087395,212.61669292887876,257.8033569741689
69,minseong,2044.5152115193457,3278.0378742729677,-328.04753246120174,2804.2245100471673,-1364.7146626300503,2082.874871366962,-2007.663443485533,53.10294450030844,638.190794894915,-287.6084101850302,-296.4160796495169,-333.10266359059926,-20.421493034271492,486.9208024292148,-435.18998900208766,792.7144725531213,171.54407278481165,-304.87393294356997,-729.7143945005721,577.2936594652641
70,minseong,1778.9912548798736,3178.729614112132,-450.0054222856164,2649.4927485953253,-1376.9283803355283,2403.721627789196,-1584.3185120164535,-417.56435880246767,651.592267797069,-227.96429896632262,-1173.3501294802472,757.4017723537378,172.04199453955988,523.3367456638604,-283.6040244156937,286.47255486269125,263.72963937303996,-533.8589433867645,-1027.5011150666078,571.6965054497604
71,minseong,1219.7182697230267,3375.234319758708,-298.9559460647879,2440.151415278499,-1942.388764853043,2898.900458531408,-1888.6781758635032,307.89588610111525,939.4242602242133,-620.8897260508855,-1691.5617438397098,1161.809701764054,301.00068762140745,-310.92957628147695,-798.2434442372788,-313.20527078807226,250.7987041933068,-521.263226417751,-1320.355940294464,-88.70303512361576
72,minseong,1428.6524042961114,3596.9776544425995,-711.8101864171249,2354.397783801702,-1515.263612078842,2450.1271489757223,-583.2046210361469,607.8499965100605,1101.934352528825,-609.3803456701294,-1619.4800115079506,2152.9160460568132,186.3983481265439,-759.9022248174384,41.364428239535975,-782.8913909791986,-33.2679788606461,-569.3181396182342,-1230.1092510618319,-230.45495963291117
73,minseong,1939.9195319655796,4612.321057795412,-1894.7282644497247,-857.9451083309214,610.8157473332275,-820.6106267509484,1139.4338399189817,-1171.5673385372354,-697.772591321498,642.9373742136592,-506.6276959361519,1230.2249665629508,-178.9228838600569,127.4750671977376,-660.4381760354605,-241.4528066883977,600.5360559477357,762.9255009880521,72.44337663482023,-406.6648785214426
74,minseong,1851.5085179016776,4221.176380613571,-407.9204361968123,2496.6441189005586,-1601.9283512315508,1930.249048232874,-671.3790849429133,-83.66855815913205,923.0200558415806,-383.9830476427415,-1537.340033174816,2188.5417135050234,748.349014968817,-509.47184240290255,266.27007259051675,-1035.4481198400078,-393.04661704181024,-655.0043922675836,-689.3674364750835,9.50475839854524
75,minseong,1943.7015169744113,4410.551476531266,-369.3643938691866,2576.9405995672882,-1401.1706022520298,1474.921226096281,-368.77689761476483,-584.2003179800384,485.9917524094795,26.83002442006831,-1324.9882068855195,2070.3294266923244,771.3133522888376,-337.3205036340457,645.7486115349128,-1245.6933430990287,-433.49919609988694,-928.0804381280057,-423.0489743509039,347.2438017388876
76,minseong,1738.498313692552,4719.817269129786,-1141.0272381503844,1802.4992511693529,-626.4180281318522,737.6005502945443,655.6758377026732,-420.92471861225556,-33.53008594243967,-108.74186097410237,-978.3491425572537,2018.449935071672,288.63340856059045,-276.0351983653735,871.8565997068658,-1170.1596860394197,-648.2925716217845,-872.2903861200336,98.79355060399017,282.4892616868522
77,minseong,1657.010595177517,4269.591479339156,-1148.3490952932084,1054.8143837017733,-300.0690698872971,21.286662191587283,1390.3891576764456,-1570.2209989541066,-449.36220745323186,878.8768183366891,-1190.9076460477384,1933.069257918031,-280.1993157434848,159.8267274161953,763.38641634971,-499.64189654969374,-318.09429932622515,-595.807052824361,301.5788834904657,41.81453460971952
78,minseong,1746.5334748669657,4785.576471791058,-1064.8632378719287,737.0273796450801,-342.4333300636899,149.5429148627125,839.7705061388499,-981.894349568085,-977.1016065106056,507.90544619861123,-381.7487909157693,1494.1185836874295,-148.16421572150327,-105.74720556498478,612.9821303714521,-1032.2224738257487,-154.20117887583532,-572.0408895619348,-1.565350858265127,-52.15444496360398
79,minseong,1798.360046536248,4641.253905844751,-1882.896178441265,-1126.094427764087,842.6807557382299,-1121.1351535869464,1247.8727274543846,-729.6923618364539,-242.32127168504354,366.7873756014101,-260.79753445803004,540.5021045985515,-322.9954955842879,92.77535739908637,-623.4833791367504,10.7437353881946,671.2638987827343,653.5543697538162,210.1539233620183,-157.4542462500494
80,minseong,1790.3364834776633,3904.179880330923,-1625.4037817436677,-1168.450370529872,540.5426580681449,-1212.4312175167206,1289.5239861178493,-1687.5858853443103,-41.61189587457785,1152.23341666164,-555.8729118495136,900.1537685712872,-513.7227133383323,523.947717290662,-452.6822420582887,428.2717959124586,615.6124831057554,207.5162614905646,275.39200012354684,-62.68674255317528
81,minseong,1777.5364612077562,4261.0466158110585,-1745.9084843755945,-1866.6211980555736,1053.764425172622,-1461.296276820595,623.8535543507903,-476.3628019799921,512.1963107126503,108.5225847730973,-441.1979825310517,87.61145494497907,-101.19496045682233,128.72295485450204,-816.8299804316931,316.6834373374364,854.4737545185375,474.9985320531708,212.84684797894982,92.84076164354128
82,minseong,1811.5132815810232,3967.583257420015,-1553.3076721759528,-2069.7394412035414,1044.8124377520835,-1557.1023771348118,194.14325578874826,-299.81597183409656,954.2712343544348,-57.359953228077124,-500.70224240778816,-70.69308843379211,90.43580483727725,171.16800536001978,-621.0539194525018,353.55311539375623,883.1003517926347,259.76134071090576,180.69547791847504,362.3095977039923
83,minseong,1413.5993087628397,3463.031030419817,-1699.111426040556,-2623.300698458316,1748.7810239908479,-2129.192052829053,-299.99357955611634,1023.0108629273714,2829.5921986371327,-1444.5761264444022,-1020.5000895338817,-744.5598688013549,1207.9768118948555,181.33608336564254,438.2660787712264,663.1398867588069,60.4603151445198,-646.5204492183641,208.23423693360866,606.2596357397917
84,minseong,1778.921704187458,3971.325900681857,-1489.5873897123479,-550.6731325892936,105.33101496467822,-661.2468415134549,1208.5768406490295,-2043.6872791536607,-617.8448110236436,1155.630931518401,-789.8904134617637,1577.7689725017572,-246.11505273886903,450.00757266616483,-101.9730784488919,108.39654158633398,96.61330456963546,91.95066688996002,-143.54210048222956,-292.38585911231047
85,minseong,1313.2762305222445,3492.2421851230933,-1690.7210409421493,-2620.773408241869,1761.6950460244936,-2162.7548465905775,-433.9225899110081,1089.388111951116,2898.420506589965,-1646.7121250324788,-1065.0104461276067,-761.6920711155126,1308.4045800471833,148.64671927632128,577.2827437595622,690.1472387336681,-41.691412360907684,-668.122532339355,80.89474201820431,555.3908063652477
86,minseong,1263.9626491412243,3582.03028110069,-1692.1524396731488,-2574.7124522644312,1733.4947021303738,-2125.4080837382944,-513.9370425008,1041.9697788389176,2733.376327951304,-1786.7261189141818,-939.4884411147401,-793.0686868742231,1299.0748106573105,51.23881838132968,678.6852902368311,713.499828023108,-209.57757190368665,-617.2576092341025,-158.54242201586396,504.0673195327808
87,minseong,1202.4370372580242,3709.2731285121718,-1689.2597412815423,-2521.8558808852945,1740.850061531982,-2026.0360623853228,-453.30806066128235,960.3014363736696,2399.7164059329175,-1845.3351341594478,-804.837379769912,-822.4544039492196,1240.2774241282582,-56.77140295774335,573.5119303740645,739.3881817008407,-352.29938933359773,-465.82949954089656,-380.65114728243503,483.22066019142363
88,minseong,1199.3646771963454,3674.997492883198,-1741.765971097671,-2516.357921295406,1855.8695560199567,-2044.0096885719395,-307.169780953428,1062.1111762088285,2292.5534728804514,-1860.6746257747313,-734.1120770370009,-894.7968201342928,1385.667052705131,-94.58179153529863,383.5379382321171,739.8488446064354,-371.7066323539539,-438.3114732334514,-321.6744487662483,501.2788468621823
89,minseong,1846.9247656646573,4476.651818340448,-1606.9798273083113,-1370.2539073104372,936.9447642868564,-967.1041335065074,501.25210714731946,-667.7052814432276,-783.4374867175084,188.04840405402837,272.2265891491892,-423.44709496710794,-406.3821699555541,-197.9806033816687,-461.71800893612857,-56.2413495468764,822.3478425287987,120.1494584356,572.8010833856147,-34.97253039377142
90,minseong,1823.7012788289292,4736.791108861129,-1630.238875900009,-1100.5646856242222,1003.2525742035482,-860.3167758277779,479.84373868033293,-423.56766995786666,-996.5196941396972,-194.74457329987322,448.03892817563633,-842.1997494792396,-445.35866331580615,-472.2073923934129,-184.63860034987047,-208.213019434324,389.8485296492973,-71.79545747031038,602.767397299584,-113.81754739930736
91,minseong,1784.007689011468,4856.640062535208,-1455.1823828196204,-705.1069749268541,834.8366002546117,-550.6687134789853,222.01436511275125,44.77904727909002,-1168.8969788516101,-766.7637206393888,726.7288456265169,-1108.5943884350527,-351.3500148402577,-585.0867744406564,153.96961133574456,-253.0748413954009,-328.1689618087527,-78.56643128173411,5.108415268312214,21.622203499798307
92,minseong,1714.5621652952407,4715.895057821489,-1239.821005330653,-27.33239328769735,374.23685638934785,-148.33252204127345,-250.99368243364617,305.90565990990694,-904.2306209754986,-1126.4861936957545,1007.5324734063308,-1325.0715425176381,-267.9414436450506,-529.3511704523243,718.2645049257617,7.245114839303858,-1386.9841840735703,-331.76641476826444,-632.4679277767171,24.772147344788678
93,minseong,1818.2403873889325,4686.943333474736,-1084.0705787270695,417.5618452527023,88.95382438472312,100.41732456246355,-455.47931447217485,298.57917083124426,-985.3962434927995,-1060.7076066967527,1187.4981937509483,-1466.5867728689434,-407.17800754328687,-470.25872890440013,907.1231424862146,39.20121701138533,-1474.9398433187453,-470.918504053558,-392.74659583471873,87.6881084075224
94,minseong,2028.5308626176782,4670.971075379147,-1125.6204445725782,894.8792031851433,-132.11513968350116,653.5430246864831,-266.7634780872098,-198.18989843785377,-1345.9136020454373,-217.57073258486264,1031.040480397799,-1135.959606645857,-785.6709291052896,-77.27650540156768,1200.8545917195424,-311.46117469993413,-461.7304348376244,-1167.3668809566582,1375.0891471956204,396.6156480562342
95,minseong,1787.2234794080068,4716.257433208152,-2139.4465094494976,-1231.847389563717,985.4181620796425,-954.8070742897107,755.7046449859396,23.311186807078702,-204.26009944909327,-278.77882052194377,-52.425087061909984,440.2915135606503,312.3486661011873,-116.7442751998843,-636.6650005680083,-99.02387218782857,10.729140206294367,940.2816314660278,-613.1119840371724,-167.14697406175284
96,minseong,1705.4618735516278,4738.358030667409,-1819.309361174864,-1176.9219788250114,679.7694608513661,-924.2361963253771,829.4639462483651,-864.121493689729,-704.3946745284666,297.20362396303307,-440.05475558955095,995.356983499524,24.471268879556625,-30.098954408658994,-741.685414221968,-366.558996089407,634.0319009241049,907.3719034336914,-259.5857153062837,-439.4518710977265
97,minseong,1755.7274033780545,4436.519155484062,-2019.0349968279172,-1697.3429546582968,1216.6570591596985,-1493.4920640576695,784.7889867718937,-768.2305883401889,271.38103518934383,165.46699409978933,-456.73293627158347,106.63819042006067,-125.19309647446346,-48.30719678619434,-836.5767220923595,374.86003246802784,723.8458213336452,573.9523366399358,542.1943994712329,-217.77508343828956
98,minseong,1576.8784719983146,4420.483740480547,-1949.408777089503,-1452.659886828801,956.6765618144225,-1082.8171907146907,81.48804187896715,309.7779879230438,122.21236515394506,-804.9801112687053,184.3263075094821,238.01934434492793,678.1510616292641,-69.0797414438918,-239.9991717227841,65.62205147403405,-314.0598254791246,824.3247383892775,-1630.826312889083,-125.46538098064369
99,minseong,1586.8319531435911,4558.41616861263,-1845.1885735166156,-1358.4650064539874,1024.18012183458,-1023.3092996323467,62.52066206829548,207.39044273522956,-133.2467540038554,-752.0193697723109,164.1650084881529,105.44936959983474,483.22474497877914,-106.37171252110315,-389.74335704866434,-52.437845947125126,-146.57139633479017,902.2820230806708,-1587.9645365744893,-246.85150645688384
100,minseong2,3092.957930169788,-730.0725301497547,3158.830774169319,-1094.5856462503962,-886.905431482943,-487.85268616640263,164.151964056926,-490.0004573990154,-1142.6470083033091,522.0159386674029,315.6811115109105,198.6353160595821,609.4013091639279,-209.3228823974145,189.83526358829155,-168.45494396045262,-638.7627510673831,599.1590530221629,-598.9473785288156,644.0813403147829
101,minseong2,3078.976495951557,-596.0125810673196,3147.1703541169873,-1371.9806958421327,-673.9649264904381,-623.618289914535,7.432185542051252,-466.98559036564814,-1126.8142919746233,643.0991878482835,90.36548150708546,244.50120123446715,628.4021935000441,-167.67281061057753,199.57904699007395,-23.516154054149183,-855.9134061682032,652.7591278344394,-247.46398735615685,774.1367789400389
102,minseong2,2528.2792875820646,-404.7833425898491,3123.1550007347296,-1736.808650321812,447.66935346888835,-961.7729676387372,-1990.0425200938207,825.3543440417577,1265.2263245259912,477.69868870313024,-515.5743187501098,284.6943186839847,107.86328185940735,689.1209125966606,342.81440851786965,492.1688271904295,35.46275968507829,-620.939174342718,1706.5297554486367,-722.5921710401886
103,minseong2,2479.4167502806285,-438.6678550365551,3156.1721599073385,-1404.1594882146562,345.7528034226095,-904.6287949492082,-2099.0519222823746,947.6081351131216,1319.0614337765326,419.3004815124508,-262.5044067438154,119.09664837345306,71.74976105734743,899.8218310014992,393.9087707437131,399.3372391424334,236.96272110282166,-694.2269107528456,1594.8807220470792,-802.8727574713103
104,minseong2,2517.854581808059,-454.8197281619577,3333.849482553822,-1869.9880981106896,63.147865993585654,-1100.598347306904,-1950.2171133430675,551.5726044724576,827.0762466495125,444.46892369549096,-385.79474090461383,388.8186756656246,166.98711461382567,551.9343667818301,397.42437536817954,166.7881681629848,228.68971092777963,-377.3699396859427,1143.2579329070652,-538.0156981213347
105,minseong2,2185.1490200222893,-276.82232691083095,3070.9328228888057,-2212.367751306286,621.0714588059608,-1100.2578663728664,-1736.6805175011839,661.5744717334675,1206.6409834607564,84.86879770774055,-773.2723198576333,580.1647992478759,115.1294773966259,311.44399076016185,105.85156819575008,388.1371759763047,-35.95630689822392,-534.4480016719618,1391.1182383546363,-590.3996400797797
106,minseong2,2606.90749044576,-257.667257048852,3522.172392614731,-1828.652390366204,-155.30960227008262,-1062.3049055803826,-936.0167987641414,82.65663899476603,-136.89209120625216,295.33091725317513,-22.22569194985274,150.0543594666337,72.61626285308071,-2.434919831287983,52.06780769723241,-53.93969523376834,-33.897890492156506,125.8734077266111,141.6718310813203,156.16002822708984
107,minseong2,2825.1702065934664,-280.94354732690476,3480.741118264973,-1101.2711212044794,-701.5353498219018,-773.2474966833023,-135.51428020609006,-9.258686382701047,-573.8982565558791,216.2436598951623,486.7569782383307,-519.7309153408194,-150.4522998052268,-219.095914389178,-12.462662672744086,-187.1580855752514,-24.815331186247324,199.91626646908907,-496.1819435963728,120.40222653258587
108,minseong2,2476.504297322897,-355.97835133826356,3381.3080707366908,-1348.8134221797095,-260.9572291732388,-1084.4832986497256,-118.1836487289262,179.28968637782552,-120.91254356583163,403.9159793969905,276.4378576724405,26.210828140842647,-378.11904537458366,-264.4243562160396,-319.65495676522244,-122.8039904358235,-265.9264521964625,133.87901228613273,-9.9315996644862,314.0355184641477
109,minseong2,2512.476204990968,-259.00780804388944,3325.5682996934747,-677.2231293337561,-538.1110159561078,-867.1307994372562,700.7115231975192,299.1961214637205,-140.32770474625298,166.43962862597286,503.13661594316227,-443.1314802337813,-572.8253658744329,-418.4296322285399,-401.6800803155515,-241.36869696790893,-286.36851606882817,11.728994284833322,-251.55120869885306,256.07287115586195
110,minseong2,2756.1901993364845,-123.33851434423408,2487.2545675333618,243.74899567823377,-426.5440827097205,-359.0005938141319,1144.3408537262324,229.2781441641215,167.16124114864357,-272.38525885853494,923.0676039850138,-375.8675932998732,-1114.4909036047866,-542.2936049593873,-649.7881295937328,-292.2938399377922,-466.4534112284439,-684.7064642433257,-700.6750586094835,552.9460563702055
111,minseong2,2656.4834534519305,-185.10385662286694,2959.2705749358656,462.1770348870392,-689.3774821028118,-422.69498402137003,1631.1322500236815,567.3234159498471,468.6514078886191,-512.5163271559994,618.1411751331369,-1017.6346107947999,-991.8963617129613,-521.8764448721591,-626.8304992051952,-340.99570639172447,-317.22469229531237,-568.2355182150601,-267.0074674931011,186.94274603073922
112,minseong2,2706.4774136122155,-575.8055051481433,3109.5418546049677,-1973.8140238974338,-28.12338242959477,-861.1864711810694,-617.8097296495962,-269.20876743231435,-574.8847836413145,961.5408042493424,-389.99893640148093,688.9056768151733,541.3644372370228,-198.92930157742117,109.56056064107575,374.4436326615848,-893.2542709998952,568.8669721991929,588.056647996764,650.1135816975883
113,minseong2,2760.72996352044,-311.5438493335622,3052.800890876726,1324.9798288275801,-1214.2617043321984,-38.91967482680025,1837.2730320673795,434.4381526291795,701.6788886895645,-706.147076551794,445.41106800549454,-552.1032842360672,-922.7274331115574,-449.62898591996276,-760.7261267792042,-476.0863197220822,0.3104430522468631,-393.1241260228285,-237.33069756284544,12.717269464047895
114,minseong2,3005.4876618671683,-321.98797823000655,2895.971107284696,2056.767090571207,-1414.0120121699576,193.0608742088395,1838.3732547922425,379.406172911773,1081.3735625654674,-860.6119000246798,483.4768091562956,-631.1757504706637,-847.3360845636754,-419.44205773774956,-977.3789631031129,-249.0621681631157,301.70541664685084,-320.85015194600334,-73.7612311026446,-398.0285365922375
115,minseong2,3059.139253567724,-352.7740685412826,2524.053460420499,2324.580992649984,-1262.8395702192129,212.50892872287292,1798.5358591550473,347.5496657008744,1397.9082814058875,-715.7135342406356,480.933923939431,-457.08743197046465,-930.1526566531553,-520.327327320275,-1227.729243331349,-245.01144748296213,144.1977672140086,-342.1003552629721,-7.692363493858899,-255.44365375733037
116,minseong2,2772.5647652734488,-362.7713321873693,2759.510790912423,1850.917250906615,-1237.1925880794897,-127.1630201037598,2364.1901071305906,391.91118134906566,1585.755646447386,-921.5081877122609,34.61192555296644,-695.6515874180444,-640.0717179915616,-513.128954245791,-998.3019598039327,-277.4829317593245,47.07461866374728,62.613729769707675,534.5328310060073,-190.35573499543347
117,minseong2,2719.219115024095,-455.09100832600717,2934.9391701049126,1936.0713526853044,-1426.2369832793154,-64.86211888287602,2336.246041137756,237.64828137203278,1605.8387485984113,-899.3252221747983,-255.83165426914593,-366.5227008419816,-310.95640601131424,-420.37130733033933,-879.5630183743762,-243.41066279562457,123.56870321094935,350.6834877158193,545.88754989957,-226.93805099279146
118,minseong2,2899.900061025669,-561.6578887519304,3068.7268856806763,2463.4116668594097,-1681.5551942543352,117.93281328217932,1923.7096385231857,149.4722965056054,1578.358086064807,-857.2857638416388,-224.3887647818281,-357.58053017929154,155.9438601308047,-486.79971033432776,-661.5110115744105,-379.8093523428341,401.68307259943026,345.3822048473783,354.8678991150006,-1009.5508017657851
119,minseong2,2645.2785326986464,-755.1302749403276,3075.8662741102203,2124.872785330529,-1579.1325228099365,-33.097586963398655,2157.001304101046,100.1968714639925,1658.5948048382772,-736.3881577898677,-456.0826451966091,-137.7939105117386,176.80548963046616,-676.7521602993236,-655.9556074302071,-498.82801124448264,80.97883662922017,371.9986730738665,653.7376050097972,-484.4196813631436
120,minseong2,2930.243919928712,-630.0293295857332,2939.134810861463,2553.660144070773,-1664.9492694463706,118.09756493929397,1968.9888291340585,50.64512728461624,1546.825328036331,-695.0575152841541,-265.7240276089054,-330.05919199957884,348.1265515966279,-412.23533293504994,-508.5168998052973,-401.5150490008822,381.5416621417255,323.5295179181515,284.22051912241227,-1059.3142604820953
121,minseong2,2822.413609186083,-681.9346001572612,2791.7457968356784,1736.7205326961637,-1276.012875389975,-251.2943366583448,2650.3546339796785,48.68523781186553,1494.9658351629766,-419.4504509272768,-407.3164658096768,-117.19105197149433,73.70846196772294,-211.3437355427085,-246.0686639516096,-139.06618710847758,-47.389935361948496,390.1393710456781,748.1360287818122,158.88661701943354
122,minseong2,3026.46413116611,-736.5157395953545,2835.3902438906375,1877.1321947213842,-1361.0532874794574,-123.77313469723714,2660.4844434124307,-51.721354904290834,1419.7158201709874,-487.6459285959928,-464.4795989951598,-53.88262954474119,236.8797328376254,-141.807421578693,-103.55747127840878,-156.21569412406544,8.367626987146114,281.72126612632024,648.4703918636391,-8.424127353955482
123,minseong2,2881.10905594491,-655.3207223050237,3285.597144867677,-1522.8868315690918,-555.1180804726918,-745.8344936855135,-292.5643173772022,-436.4543726337496,-1075.0406105225672,830.6676855649257,-22.838207019401892,506.6404013302065,704.0832267825655,-102.42199725741456,220.60349443311816,-15.063491169520029,-777.721348645655,701.1619750416552,-122.48770916697363,777.3089617384705
124,minseong2,2959.9546749917477,-748.1368350636058,2855.7061172443573,1869.6476931624557,-1444.3804558707964,-143.78442383197367,2761.3955214572466,-109.38478561307267,1208.7311485481146,-397.00465797236564,-349.15658050161164,-75.83494823355637,256.3372106758437,-62.08540289717812,70.88252011232416,-221.23265619113462,53.42822233840504,183.72948496889268,503.2179050324113,-101.60340325304314
125,minseong2,3162.7394108135163,-636.8893545951411,2794.4083227038523,1290.0948145621567,-1177.744817406228,-396.78559560814074,2721.9331995140237,-165.97927221173236,631.6470018176107,-156.7607778950427,-365.29421878288423,-458.64036919574403,277.19018224577786,350.34453288561957,687.9675568727496,311.433733041584,-251.69665585538684,190.51461007873948,547.8526934605982,430.01530958027047
126,minseong2,3208.254292299655,-757.4210858522955,2935.9818201668945,1796.6045792037162,-1508.2919716226236,-220.76933222233657,2398.813607852219,-328.8381782981704,151.2911287837953,-205.86803730657468,-170.21950275276066,-294.7118256151989,679.7165927292187,586.9881014657514,1019.3997381013755,322.1197667884039,175.22169848341127,142.1994094555601,-259.5228436116,-173.73723714798558
127,minseong2,3130.5129638826857,-774.1468200466445,2983.1058614501244,913.2329944953183,-1306.6912800916896,-433.4092700311657,2576.97785122164,-354.36913008732535,-45.1438615886205,250.815211188697,-278.43752009861714,-55.575495590071235,595.3842447673726,556.9092919566086,1134.2417431807303,183.4431301980601,-366.19926476883757,76.75541945724592,-79.1477011804978,485.3369262571132
128,minseong2,3199.7701811165493,-598.6013538217194,2894.034869838811,211.0862360270842,-921.7502574801591,-609.6221280586882,2230.51651091911,-365.07324288229296,-395.115991159805,517.2752256775792,-156.64846181698837,-580.9723591845413,349.4303302533166,601.4977390485968,1056.4596662622962,502.1747745116464,-530.3513755549627,231.3186908633251,-135.33902596365866,584.6759908187382
129,minseong2,3133.892413495716,-749.3841742367799,3052.7343754740277,881.0391280608502,-1535.3198201627506,-276.6475475225424,2298.9129673233365,-538.7557651123984,-599.8643263747389,119.133170552779,185.2526013010049,-372.201402488289,677.0764234119865,547.859947361642,1289.061997486294,197.75395609920787,-94.25034354472507,-69.12060202400214,-700.3171112909157,-40.77299388443396
130,minseong2,2960.868893192503,-670.8750503368587,3206.494580368757,200.4984967857023,-1382.0868861645529,-342.16637231976495,1683.3174403465698,-593.1217004779634,-1149.16274887016,386.7063072470087,330.5812704397086,-533.8712358806938,611.5372385520922,535.684856761077,1187.543997725273,193.76090113411553,-46.55216736467926,174.01342726675122,-1232.6813445565663,-100.77124191427173
131,minseong2,3002.95615614579,-684.0165684603693,3192.8476293698777,328.3555051428977,-1514.3009785238962,-181.31141960903227,1524.6423417422461,-644.6376341444397,-1192.0339421379767,270.139249154509,566.4700085133833,-669.5864268978734,597.3979648188671,543.823943889933,1146.9043267959576,239.35975956446734,-14.654468883298232,106.86186005249066,-1245.930488553773,-186.50682740845903
132,minseong2,2924.569875554414,-503.97253358138687,3380.6749048998754,-420.7917480545081,-1130.184565014455,-409.91627087017923,778.3585360572396,-570.18908687452,-1245.3510122558473,434.45749687589165,549.0289574390617,-922.967370952496,445.0921269158727,536.4835464713692,908.4752642584551,286.0484520531438,97.82496425966372,399.54253292227116,-1096.5496028284554,-51.9785307379477
133,minseong2,2742.5663780226478,-573.8343476982966,3601.4427808951004,-1471.2945556940751,-361.12196235121957,-1054.9025058620477,-76.50588318770956,-378.3897843744423,-570.3771465194004,825.397402483744,-14.154733327799462,-203.29745480396522,477.2087154479337,432.2027928676082,714.0807663815001,342.037054795193,62.94626360625871,552.9535028766484,-184.20699377588693,366.29023413690004
134,minseong2,2719.385608593085,-611.8713860377583,3100.9962421291075,-1921.7125814726787,-172.07311489175484,-814.3750479932046,-593.8399632415842,-298.85068309155577,-696.3210792913803,887.7490391372039,-411.8032521952483,803.327498734504,550.5785050606065,-240.24699655895128,64.83287936258597,262.8594688783467,-904.9147886987338,488.584281861624,484.5066835099597,644.7118864341703
135,minseong2,2666.6041069432463,-660.8090200258623,3728.637725548613,-1528.5086796413364,-626.5534047594507,-966.1030497267851,-372.05544219260486,-387.3712548406689,-737.5999748051473,578.5613967837645,87.25375527392222,-0.3459892073959274,356.49306123154355,334.67180242554497,587.2216356857369,-9.475031949296405,301.66769191600974,302.9544984390474,-412.00153307630984,261.4552236769676
136,minseong2,2290.8795475274524,-586.0529384427741,3815.049791185957,-1855.8595853765403,-482.32186819083137,-1076.6463468971713,-870.0833178976984,-179.0680526708391,-408.28938116425667,276.87260021270845,17.106616980473838,236.85312308125842,65.4286578848433,205.97841669682578,276.6026911077653,-142.84868598847333,524.719871954738,-82.74105255650728,-337.88564708516674,-191.61410853395608
137,minseong2,2152.4216235665986,-699.0638852915054,3800.4294552314523,-1798.1400749497457,-552.7943821821495,-968.5779120215991,-1122.6553445912152,-91.58451552762554,-342.55893431357595,-22.36878751692972,315.8631807481824,260.1827421013983,-184.386964195225,69.23403186020789,-1.8029127482053884,-295.36966163504655,739.3835674626721,-389.83988475586057,-538.7811182118946,-424.064751996317
138,minseong2,2030.9867490180475,-835.7835995918294,3591.2799841284977,-1738.828990836964,-365.5604369422761,-992.2991204188675,-1584.8987929739671,141.08753437017538,28.50341853473421,-115.24823847951949,612.8963017437447,425.51847421119083,-680.3474850931732,-118.1600755958939,-396.73807905841653,-396.0259931608401,829.1473715215329,-756.1580296024181,-552.7593577924832,-530.2915153334216
139,minseong2,1688.7391614787057,-864.0758282509005,3653.6629360276515,-1664.9952983579008,-423.03868661652484,-841.4998599029251,-1687.004000326561,176.2344835308061,52.195657673336726,-247.5641934703808,721.7317710069615,508.4328631449708,-683.1035724356459,-205.51279347636873,-563.182823169478,-453.56982924413757,893.9993023231045,-742.2045617311115,-671.4485634617596,-832.8835434917789
140,minseong2,1861.3444966809716,-809.8435389217046,3482.994377907463,-1496.3064825818083,-295.294706504329,-762.3505390129727,-1808.339582654884,227.9002917325344,-103.39754309354218,-256.46962046862006,1114.5169214103241,481.041615499093,-1013.2734328986427,-363.7721096114087,-850.0400112843859,-472.1935769274946,662.2963027579932,-840.0901235738212,-854.8087934441942,-503.77432413438817
141,minseong2,2189.112315104499,-879.706010261016,3181.522013113906,-1069.3129201100191,-59.64560177168215,-609.5768155753904,-1853.4270223371182,495.35823358604915,-355.5394578502542,-7.271437362837753,1469.7087429844773,355.2206416608552,-1189.1204405790027,-289.68685234320026,-815.5189596043439,-410.76417778217757,303.17509139498816,-686.2383222765188,-974.3260386219656,70.51651440770557
142,minseong2,1936.8555266520523,-861.09374143051,3180.879065598201,-1345.8667401665639,72.64640648793251,-754.1969168311102,-2104.9560148334567,609.3536439837088,-76.82612380045683,-38.00596019059968,1227.4170131821304,752.6005320884822,-1196.0506238640544,-226.23495198520067,-879.1922715905831,-336.66648070911333,386.2809164843433,-872.3448284606408,-945.3246049723839,-127.51258899180146
143,minseong2,1721.2428414548194,-685.6940398518021,3041.964166790429,-1443.108063137953,318.02988295110276,-964.6746413586768,-2353.4343702766173,811.7912844389036,270.2235394364384,-141.06917004690987,850.5868214375674,745.5295155059715,-1325.4357559810385,-127.33228071139409,-924.1941822972911,-36.918582988253945,263.98913292758516,-1025.6364960195583,-672.9326281099474,-472.5767648965966
144,minseong2,1469.9338635874778,-616.3394310818801,2948.162119515573,-1541.8044647746883,462.86323210509363,-991.4999794170955,-2333.0428826146726,846.0952764177357,401.21505876715946,-354.1765720768712,433.78428941657984,683.114599269868,-1379.3955687975345,-130.3442880811835,-932.7127965214819,113.16458264997812,82.575526682051,-1044.7753100864638,-474.7405805038405,-755.7438208480851
145,minseong2,2892.1438391925526,-642.7732983167259,3150.487268226151,-1827.9956368873227,-159.7903912594764,-962.4948352465367,-743.8670200995595,-230.5172020278253,-568.2063186074613,1066.321758619029,-213.29740102942066,693.7833541386984,521.1821569496014,-117.9518243326151,178.3914528877217,298.17942636396793,-871.1514333542937,624.5263474625452,508.85988876523,640.2680950858816
146,minseong2,2874.609159839647,-536.1756640784488,3238.8322780926487,-1869.432273460243,-283.98254716893985,-963.712077891314,-710.7591676821384,-274.7687732591922,-687.2981230820362,926.1190512647441,-221.45265217344988,648.1586315027153,602.9463904384241,-82.54619090542987,209.6328690516495,168.87544414288232,-787.2281741032325,652.6079850758779,319.6176409556048,673.4434674658988
147,minseong2,2719.3979517505436,-552.5855738396004,3349.2243810061796,-1795.737789631216,51.67995104352948,-1117.2184151932927,-1373.6664951093815,112.0297517733809,2.382017693375886,1018.9240026927968,-116.86137524918234,539.3561526195687,276.161147601352,147.64930884254903,264.8437396256787,319.4511071501209,-341.56619071887894,319.31063771395685,764.8141447367608,132.83532312864816
148,minseong2,2544.290946586323,-414.67630820497595,3520.896724641918,-1868.939967963811,-397.6040155671659,-901.978072253137,-1052.835979597838,-167.98135801402395,-739.4785997393506,536.3529812758617,-87.46261824217449,583.7676542109001,489.91765370155053,30.516565353546135,183.55523059235298,-144.51767855627332,-198.04350586560057,334.2977246541888,-72.46975392100943,318.9654698039916
149,minseong2,2628.4955420885203,-492.70469295178134,3366.580856709918,-1913.795674237768,176.708456758813,-1098.8332986270498,-1768.331970868352,376.48030943701764,437.5735500735589,703.7361615768112,-331.4459635650213,546.1126182043143,211.40720406263847,404.937142960549,360.9522586091725,257.4184842414538,-38.547380320250596,-77.91664392186613,1131.2025847720695,-201.20637569421956
150,taehyun,5099.603849670964,-3399.878739993301,-2225.1324147248465,5359.358551885715,2316.7143510250444,-2998.847628879557,-1679.5897414920457,-218.98282364035015,-238.65648076900465,1281.1218592484051,931.5078627867525,-558.4423077491496,2319.8915154180386,-1409.8955932842632,-607.8381259270523,-991.1019858547763,182.26987725214815,-175.01599141505693,152.81849747482525,-123.55072928975544
151,taehyun,5065.5365642028955,-2769.2666851847566,-2620.1124393475043,4741.963999451359,1932.115260781483,-2693.6297175803907,-1140.5289696606953,-580.8165231164737,586.0876742246946,1629.6194246924479,1108.3119354572627,-460.91258678512446,2491.2256040289326,-1033.6630649347408,-343.7003372606978,-778.1780186109684,-437.9336605260999,-440.0841520909821,-192.7471415085908,-284.65293375107
152,taehyun,4046.2788142109703,-4038.5410050517694,-2152.1707636300457,2768.2700959030103,1629.0878040838422,-902.7844836399261,533.9807962729365,637.5709473576514,-1113.6938592012011,555.6571440639534,-756.561043511261,415.448067316672,-702.7145761255355,1419.7867158219792,859.0382205733658,703.7186079406226,1058.2202697339794,-786.3708572071866,179.59344608844216,-956.6826028777482
153,taehyun,4130.496268592547,-2512.8378520109677,-2884.6394406746977,626.198056911083,507.6977085448126,288.7148836054416,1499.6205403389883,67.17085327189187,-263.5739915571534,1388.3146576859474,-191.84741108717196,343.1266753904209,-70.94748932451441,2028.444826453827,632.309017743206,1231.7567634537445,916.6440878440766,-1892.4706548371278,-486.5346045729693,-1076.0093219973073
154,taehyun,4264.939230934276,-2440.1234146248316,-2792.3179689964163,609.5313307310431,275.0802308729379,162.97985788386583,1202.9038861669378,-363.7943943573284,-197.31045160961014,1228.6347591418007,213.2920513598622,235.9003889734357,284.25963298792203,2022.691839261308,572.2203797444371,1697.400852725179,525.3446524247533,-2162.2169214898627,-458.538111587707,-1124.7929125163037
155,taehyun,4248.033487580103,-3046.1730202181125,-2881.6449832726894,262.25469346830886,114.51532693792588,42.18284266838831,1391.3588818775866,-1157.2639208342534,205.5295459082455,1221.6872643512843,152.636917784868,-570.3196502032814,204.18240167317305,1427.426214581461,750.6287733273263,1407.0201907282024,663.7014680348807,-757.184155446302,-690.3263705491521,-806.3987897513673
156,taehyun,3836.72147416849,-3925.4009092671995,-3379.6617688026936,-624.2614398635126,530.1032306671931,592.3742573798911,623.2885530385297,-539.9902414583726,1962.203691904982,1385.6476597375035,913.5164565954426,-804.5844003750141,-1192.6303393037265,251.67724655152963,874.774865397103,92.6448424861717,428.277118434383,558.0805068293845,-668.1854338432847,113.41212124344466
157,taehyun,4289.900136590937,-3274.4730211846504,-3659.796804698928,-135.9308340894021,758.5456227088181,839.8790944341865,488.081279014274,43.103872249654756,2044.1221797181327,1458.1376930100937,940.3191798642509,-816.3642048023297,-799.085091879914,290.806503313189,551.1297645567583,469.07656735321575,-335.5410644343188,106.57470880279476,-523.0058987509057,-130.98164381230515
158,taehyun,4288.74479394925,-1754.1714986621316,-3204.699234233228,-694.7803757722993,508.8650789409731,601.2918994107002,846.5275453271529,-587.1141378688983,964.4872371321044,1280.8691731686881,434.0918324224213,441.32015624622045,-54.71458729321621,717.4322933615774,-1009.2184307426219,982.8262480810157,-1696.878040246014,-1059.2691591886114,-131.58120514539763,625.9429098502002
159,taehyun,4136.685932896704,-1984.0864518885403,-3272.1710677321803,-864.5352910210643,537.85160993576,470.6881500972612,816.0925585221859,-723.5120315511444,1173.8264195000763,1386.1745012060687,393.3806725150958,451.8442901397649,-357.4280518404187,557.5206676303729,-1149.1289264630948,850.2753748327087,-1514.6187225697158,-1026.471437924372,-28.737455459234322,829.0149474626022
160,taehyun,3963.9571571379734,-2357.8940611302874,-3555.1470668585457,-454.51020484006233,810.3480285160005,288.3236034502991,600.9342182782987,-1138.4505516322413,2147.9539894717295,2242.759929380316,520.2333132067108,-0.8812731110733445,-1288.8156558931357,180.63139284014642,-157.06255718777874,392.3347388031084,-691.2013817645434,-155.19925699695648,-441.2990305093544,665.7133359937188
161,taehyun,3189.440587466996,-4001.597163913563,-3826.0414802279993,-1123.8486267190049,882.508113605627,717.5838100157945,173.99951535309472,-800.0017708209101,2653.081747425179,1541.211083488799,745.554842215404,-836.8541866051602,-1714.7384927332914,-246.73233822837804,636.0373614963582,-341.56286396747095,-134.1120732734112,324.55881496892545,-481.3544370417621,349.72907100042454
162,taehyun,4814.460347700799,-3727.358856000062,-2018.9438342823785,5407.714119225667,2433.3088895709684,-2839.0999772306122,-1564.5174157496408,-262.7295130251168,-371.88407858358926,811.1098523982935,552.3692211201035,-279.49955611852437,1859.393947255669,-1616.1094319982037,-415.2084438685256,-774.7539247675172,159.12896785083706,362.01655907852984,195.21101534412108,-108.38605574254538
163,taehyun,3418.825510341953,-4769.825508625829,-3043.4852616205117,-698.8924275941226,271.97876629321536,43.78267484681799,-311.3583137142741,-1098.8346194732849,2382.459535198586,667.2666574326778,553.3594269807193,-984.682973047086,-1718.8093539103334,-808.32361741519,1189.430331215346,-861.8963131520665,709.0178187552657,1093.4981755476551,-113.19658850373511,299.51711565246325
164,taehyun,4017.399802838154,-3228.098978951892,-2788.000783142455,-812.3448746278218,49.29445980070353,987.9336982569129,-570.9186913258025,-768.1332871751811,1902.8555307954364,716.3094772068087,220.54244007317666,-76.4823690172931,-1464.2883714299032,-843.2805416125299,1212.1466758195418,-455.6350736503373,-369.3932476060561,727.8013967559259,-479.08868907664566,-131.01861044421346
165,taehyun,3894.880486758703,-2259.2337257252307,-2134.053020017024,-1152.4374548269357,-170.38591282130466,1356.3803332195014,-954.1391401441381,-303.7448605209381,1580.2927918118532,450.01451797254856,-266.52653451420116,593.294255186297,-902.0298526795785,-814.7823938671877,1413.8043714044609,-950.4292365087131,-369.3777029136002,965.5293788330241,-304.60257886632724,-325.5517756585452
166,taehyun,3426.0267340626574,-3116.4723679861036,-2435.255531563251,-1663.940889272397,-524.0244861107956,1678.3175193210864,-1922.528424531138,-452.60746842043056,1973.3482087462232,328.38051411794737,-270.33938899760545,469.81788980538795,-1060.2631679181804,-1126.1290042228522,2179.8408974994086,-1381.0014415989262,51.46601360728057,1073.048044786937,122.51737632728056,-588.8376797906295
167,taehyun,3036.680711319543,-3944.4652888083842,-2187.561200873177,-1839.6829621831484,-704.5307945103084,1352.9709928707098,-2124.214776919616,-901.4099209561003,1563.198727669222,-173.1659289355868,-542.8174748714325,254.2326315599798,-1078.7908103024276,-1269.9188981291145,2012.4028315522758,-1630.8167423798757,506.5162849631227,1146.8882624040136,475.52800294300016,-596.2428825083632
168,taehyun,3271.746894065067,-3511.752221272105,-1972.1967757077598,-2250.647731106965,-1055.106063704892,2132.037469787956,-633.5083806704096,-754.214973699582,-523.1887576013056,-1140.89884867445,15.795071850766668,368.6772709870021,217.1692315892652,-514.3608084296814,-928.4250409020614,-157.17085018958068,-826.8893583775111,139.73968667103648,169.8485953547595,-21.87096306883804
169,taehyun,3174.021321047939,-4683.17630304025,-1624.1649901677629,-2442.1155560273032,-1277.769219225548,1399.7393979558287,-1120.3255806625914,-1368.0609848170793,-288.3168448695613,-1087.8874980121575,6.898700049577556,-124.75269219296659,288.16210353831787,-272.4841889624063,-163.31376118940543,-640.2158533146917,-412.25142490743247,-42.852997905822214,108.6460901826007,221.9828677742932
170,taehyun,2834.2506595907907,-4662.883878495469,-1743.0732565905964,-2445.0674586452037,-1224.2066595709389,1526.0278967021989,-756.0992583236291,-1665.9396929579566,-781.8706887444101,-1337.579086274536,134.28712422344208,63.52619163589235,628.4313398264654,-313.09420766016194,-663.2340482406347,-314.1441694981581,-620.6232334845123,-159.83007936058462,147.0821536700583,211.27214782986366
171,taehyun,2611.1461831912493,-5074.507763191721,-1256.523195802173,-2358.487187129273,-1386.5937514675065,1187.289241657674,-230.26477059363287,-2047.0660720192518,-1507.169770114941,-1914.265994503863,-594.2559593726611,-546.2912734873781,1313.6194057825012,-254.01906699265197,-354.788102410824,25.762764714646625,706.9763480522164,-406.539885520264,282.1906566255076,-206.38795216358193
172,taehyun,3016.440622349095,-5184.967923043591,-1571.9510766998305,-1932.8418193811767,-1350.4441377619953,1571.2061693926448,-649.2038708884809,-1978.3372277317078,-1520.7789331717488,-1877.4655610738514,-455.56598419882215,-796.7623766361189,1256.4899653524576,-6.075137330756672,-25.185680838234354,-52.014284613166296,419.89990962226284,-307.52102932690633,-196.4960074228216,-807.284119109121
173,taehyun,4850.793760860622,-3377.247942857023,-1986.019367293037,4930.422682907974,2370.7030745562624,-3027.72836001706,-1671.0185834037286,-188.55988092179342,-331.2241226397686,945.3711751236937,867.909441369938,-455.29480378691625,2034.7877151237763,-1076.1578524206193,-649.3415120371737,-668.5290304716136,17.94993429011619,-190.66528320433628,328.55244850123955,-155.69276857973978
174,taehyun,2893.830050339719,-4994.534120289055,-1425.427119417401,-1836.8103387209435,-1235.932119541047,1372.360463540939,-54.942438599860644,-2054.0921208597147,-1771.900041549911,-1994.8676433381918,-669.7155185612678,-680.4518777973341,1441.4425441271724,-204.121323971612,-133.79828495444704,484.01983194026894,593.6113466445056,-349.8399536913695,64.85407435037047,-742.2580891400976
175,taehyun,2679.211432431791,-5461.978373007104,-1646.0720747742198,-2311.13472773164,-1351.8824413224595,1228.837082787313,-605.336847089637,-2572.5474281157803,-771.669909343201,-1152.8751651167029,-650.8071502004351,-396.29686483363116,1065.0382154297688,-66.15505084994119,410.9747465483663,-229.21851987652798,694.5916841972363,-175.74660029714423,-366.98972727656286,-338.9960476187397
176,taehyun,2995.2766907498153,-5103.327896280164,-1963.2631052850575,-2092.0939420526515,-1427.8423992140922,1603.8841903242726,-284.4283562154104,-2211.2813070002394,-1164.4551108024066,-1846.1693249593288,-633.6818253613711,-589.3341371905937,981.2058862518496,-322.1527965985782,260.00080876724655,317.9772645271578,326.1849546989194,-28.80515386295313,-43.32338008622766,-508.71360785035137
177,taehyun,3020.6517322110963,-4912.496791726938,-2157.8877118200435,-1864.347834838865,-1071.2166030822068,1520.5223231305222,265.3942363818934,-2131.539249685565,-775.6846607431507,-1492.4589736835972,-333.83367120264006,-165.55187106150197,577.2002226725721,-309.932610561251,-384.55048619378425,443.69019327633833,-337.46099803804617,-3.27912368332252,269.42655369464,33.659324313567566
178,taehyun,3415.4146333913855,-4237.116181880202,-2513.3917779212543,-1237.3631194496586,-170.00851391975382,1350.047893202741,151.90493473976633,-1615.6980764280424,150.7150593180483,-210.82742889873094,58.449884222757056,279.2958458293518,-303.56125881964726,-37.99889788586195,-1162.7311383702151,335.35005749028767,-1425.3074535536987,-407.60431688605075,-47.863430615974465,378.69309403546333
179,taehyun,3482.601580139379,-4211.493553860225,-2197.466268245993,-940.0950668315076,-279.13661073554897,1212.5040579119939,729.0776994805942,-1357.2196893165756,-295.8519124814336,-544.9419687181268,-202.74264610479256,-25.834796241215418,-273.21961512965146,-24.40390640249282,-1524.1757880502955,633.1974729551006,-642.2148758317306,-503.10851274434725,617.750050042696,350.1839279176149
180,taehyun,3131.258141178094,-3292.824852993531,-2139.4661698338637,-1035.3571773139934,123.40173263668652,1396.671633365048,961.0249834914789,-647.2453586948775,-429.46363781775256,149.48256758928193,-284.0600307188809,427.5129208257388,-477.32832120167893,-113.32034843394257,-2152.6325631597406,244.56718402694895,-98.24270868537967,-416.0809478523071,1004.5534606379077,763.9758719634825
181,taehyun,2778.476500269835,-3637.854997996405,-2302.708328214743,-1279.2226818564825,409.1124804492469,1735.6190406213238,799.2362029988745,84.92100869156754,-220.0317436933882,191.58267547831016,269.92625609781516,80.6392979722745,-380.9749440174458,-200.24370785624188,-1868.8196560401595,-133.35154222565131,392.3256366577987,-126.07756571444642,929.5585798600264,1065.6159939726476
182,taehyun,2889.1847819050126,-2784.8625198337236,-2065.3133405224967,-1396.4031469439567,866.8616267830414,2000.7915510074756,715.5905391693453,1423.3247061475233,-387.7155737692313,460.3105493986977,440.55387772071725,245.5467939397611,6.908576697308916,33.65081038403463,-1668.615229285741,-302.3012188475599,347.99751102198786,84.91753590622092,904.5592599583536,1071.1359555559436
183,taehyun,3283.2451749384322,-1725.3036395229062,-1770.4265035673182,-1336.155652607369,970.7868475569045,1985.9467337289395,704.1323326019512,2423.9650394206433,-516.0940898301877,1000.9274671162336,360.66152881149713,135.0554892822767,371.585265206441,78.20912081888748,-911.555668783162,-126.40993164502966,419.83564555393974,223.63462849920217,656.2449712686465,621.0443171170488
184,taehyun,4759.129582192653,-3460.5720959780956,-2163.1156357138557,5154.03605784394,2457.0558335475203,-3033.148357463563,-1347.8802033382574,-315.6917575749698,-349.62361324070787,1035.4459650579824,610.3516957807032,-149.53992278024452,1982.8647232825822,-1005.17029208483,-293.3357931709659,-850.06249067236,174.53566584052555,-370.33410907370836,54.85407565004695,-237.73849230386384
185,taehyun,3075.3774586749714,-998.4104666395251,-1374.339875508463,-1113.4195511397359,1047.8601292210815,2057.7486742730425,721.5938914460969,3562.8022026560816,-767.8723758063618,536.7872743182029,290.4041679595077,-161.20955113287204,660.7108136301798,177.38675210731947,-272.21871915792303,-109.96387949957622,201.77362246159112,602.5576626347466,-170.79639036619227,80.25238444465396
186,taehyun,2984.5059085928283,-954.7487656151471,-1306.6354373957765,-1249.3286022996006,964.2517549948498,2086.073585421102,726.5039483796123,3766.6683058830754,-809.6394670916025,415.4558138567176,186.16476361562147,-117.44480803960246,739.3062938573495,97.9836990118977,-81.74976772253765,-226.36190108449352,213.49964140437314,524.4749770490334,-169.38712792874242,-8.424269212117004
187,taehyun,3161.600628135258,-508.68957223810685,-1247.9630198544028,-1127.5464482262887,914.0590358238046,1956.7169955256622,796.9033847856655,3552.3879662843965,-866.8148200807921,624.3934329375145,81.86942130177468,-172.31473190698483,704.4833783261753,128.5728188649039,-124.2204866788994,-88.41988025835164,159.04281065559218,464.70085217344194,-305.4139002038268,-248.67812695161726
188,taehyun,2975.9684723804794,-1150.5026301392602,-1417.8878279231844,-1191.4979500908453,1014.4826071905127,2081.0481863643918,746.3061583253201,3605.294831126602,-501.0384730050083,326.12089820334813,394.7759452313144,-144.04285362725597,695.0960879683751,200.09433690286014,-79.72591126290841,-159.50368535766106,196.83309670941037,688.5941281098825,-385.13111942381073,219.3771588123255
189,taehyun,2910.0188070229106,-611.641485964268,-1249.154020965185,-1277.3226021535856,810.8342915265473,2151.447547964768,730.2648590654165,3742.4024663266177,-762.6042689269204,452.4159997993784,142.4953574101437,-215.370365617871,699.7011252479157,143.32222919287074,243.03515319016296,-186.77057660137206,315.78337780515045,498.31999514719064,-498.40294154510303,-362.4593319750467
190,taehyun,2954.4000283360806,-924.1442219151193,-1255.6713381428965,-1529.7792719746749,682.7011605918866,2007.2039338759473,627.6000736438446,3456.070287576821,-527.9806096128896,382.55785993440236,176.51675292915866,-172.86977591027576,763.9849722705018,-44.5199179122003,140.98258130338112,-215.4456723379329,688.3402030931741,154.98535641582103,-168.83762555318643,126.52362918930217
191,taehyun,3077.9505726708953,-34.35052661586908,-881.945373227806,-1053.9635620419822,608.7526875659146,1995.1020188432046,660.6133910703614,3366.1142804790325,-963.4270494421907,244.33587104773108,5.2653255426336045,-154.19056653761893,497.82726053284244,283.6148436833082,182.59297654613889,-47.469787091826184,-113.29451069061352,104.34652023386451,-395.53438858783016,-588.8205781415785
192,taehyun,2892.5123668698825,-511.72856310803166,-798.8431173083101,-668.4514098499058,427.99720958938775,2302.3489622873108,743.8712734860095,3410.2882195890234,-1193.146575372514,-132.73466379206423,-65.27967750039674,235.97062192076413,128.72251463505492,81.57232581305958,326.5679739651162,-565.323261191438,-209.0990490636911,41.10378926733764,219.50136764661093,-436.24270774875737
193,taehyun,2898.5455027861176,-709.8507046284942,-459.04091068323146,238.49956674368474,-52.34026718676132,2496.014299921357,269.90126771566133,3017.8312726209115,-948.0398890108839,-490.59928716555345,-351.1151682634356,862.2546046318947,-68.98139681716691,-108.57397075617963,569.7684525898737,-831.632450351779,-595.727773834733,-443.5988039275667,894.2113472760609,-103.1767375598871
194,taehyun,3333.0745569351316,-353.9792570722121,-373.897792372836,744.414766904265,-277.4932169551162,2332.1118114442543,41.780219367760836,2516.3765872754616,-835.050238799402,252.70113945722758,-713.7837213240107,978.1913031537798,132.7197979538827,-74.51439799726123,672.1620575449465,-753.079121764916,-176.08245680292228,-897.2121710221024,1086.1289022010483,-60.06387972615324
195,taehyun,3712.2404587614924,-5265.018266915631,-615.272094318136,3611.592917326683,3292.325401893438,-1904.8086423535779,-534.5301617364238,799.0172665065085,-1117.719923957642,-2271.772182404939,-760.19852202338,697.9318511222023,-1950.7141243410026,605.8342484931838,311.2359869815558,611.2785772158834,73.97507765723364,796.0634031639626,-521.7392094440379,435.1427277884343
196,taehyun,3755.1756691524106,-4138.875986172665,-123.96915197349364,4044.119939999641,2854.496905892277,-2274.4796030591133,-792.4061358217962,296.4429259661927,-1279.7179156582533,-2531.484413696941,-865.6390908056565,1077.8657530450434,-2417.3245585860973,580.9996267510594,209.78434190645612,606.398472033932,37.3569864590093,1018.8704655320768,-274.6519177307348,1080.3861894119805
197,taehyun,4167.332069891667,-3915.0479442435803,-836.7806322869192,3708.744987678016,2821.1294838433955,-2108.127026218179,-632.4741009535294,931.6970576459191,-1283.2157633372926,-1761.363097504717,-961.4892822570968,835.6699077991678,-1505.466375100454,772.4267745835731,565.0971343733191,749.7847516153938,-235.61617453496882,659.0573395128326,296.6492224506531,615.3261762610239
198,taehyun,3882.416834314487,-4441.9918992401335,-395.1197788662215,3490.8775209708783,2932.345600038623,-1983.710867613088,-940.0890984892046,896.5434587285968,-1529.0553111932395,-2492.262537503676,-1089.4894171234334,945.0660550257111,-1842.9691686872636,785.2590954158724,349.6211384089836,745.98438624802,-157.0227938848011,791.9523382896695,140.99435440718676,741.1144300894543
199,taehyun,4182.682730776043,-4513.35537834794,-1587.796378159207,3647.720380842538,2533.868416442212,-1792.0971700027667,-277.63013887933425,832.5047597552731,-1191.7366418640331,-860.2196577379882,-965.6936408203178,622.3802599286179,-1104.5181664949657,1257.8665696084893,646.747256338716,839.3388025837152,109.31169257416539,123.8292192919755,85.53917121299187,-167.2740329256671
